Produto;Data;CPF;Nome;Email;DDD Tel 1;Telefone 1;DDD Tel 2;Telefone 2;Correntista;Horario Para Contato;Status do Lead;Origem
DENTAL;08/09/2022;83568409968;NINA PAOLA A S RADZIMINSKI;;41;99768649;41;92489234;;;;CARTOES
DENTAL;08/09/2022;09691878402;ANTONIO KELVIN SOARES VIEIRA;;61;92411464;83;988113209;;;;CARTOES
DENTAL;08/09/2022;19932037885;EVELYN MIYUKI TAKEDA;;11;981426358;11;35541855;;;;CARTOES
DENTAL;08/09/2022;05528841461;CAIO CESAR GUEDES F;;83;987767129;83;32416307;;;;CARTOES
DENTAL;08/09/2022;78409934191;RICARDO PEREIRA DOMINGOS DA COSTA;;62;35794566;62;96071226;;;;CARTOES
DENTAL;08/09/2022;04528062836;SERGIO M DE ALMEIDA FILHO;;19;991561875;19;997914233;;;;CARTOES
DENTAL;08/09/2022;66404290120;GINERCLEI P SANTOS;;64;81159000;64;99590340;;;;CARTOES
DENTAL;08/09/2022;10962854875;EIDI CHIKUDE;;41;33086402;41;88523913;;;;CARTOES
DENTAL;08/09/2022;54505925587;ROBERTO JOSE CALDAS FREIRE JUNIOR;;71;981657184;71;996028515;;;;CARTOES
DENTAL;08/09/2022;10511864639;JOAO RODRIGUES CARNEIRO NETO;;34;988834246;34;984140122;;;;CARTOES
DENTAL;08/09/2022;35442778400;CRISMARIA ALVES VELOSO DA SILVA;;62;91327647;62;99776809;;;;CARTOES
DENTAL;08/09/2022;52280322900;ANTONIO CESAR CHEDE;;48;99228888;;;;;;CARTOES
DENTAL;08/09/2022;37012584904;LENI SOUTO MONTOTO;;45;99710027;73;981674792;;;;CARTOES
DENTAL;08/09/2022;08746340831;PAULO S OLIVEIRA;;11;989116043;;;;;;CARTOES
DENTAL;08/09/2022;14728313816;FRANCISCO DA SILVA VILLETLA NETO;;11;999702666;11;30782283;;;;CARTOES
DENTAL;08/09/2022;07601481808;EDUARDO V CARRASCO;;48;32326520;48;991814959;;;;CARTOES
DENTAL;08/09/2022;06094227662;RENATO ANDRADE MEIRELES DE OLI;;31;993258358;31;34922716;;;;CARTOES
DENTAL;08/09/2022;25368401825;MICHELE L FREITAS;;44;88198232;;;;;;CARTOES
DENTAL;08/09/2022;33744050610;LUIZ EDUARDO ALMANCA;;19;38543452;11;989598383;;;;CARTOES
DENTAL;08/09/2022;14436531520;JOSE CASSIMIRO DA SILVA;;74;988173217;;;;;;CARTOES
DENTAL;08/09/2022;29016011897;VICENTE P S MELO;;11;989716350;;;;;;CARTOES
DENTAL;08/09/2022;33270677839;JOAO PAULO BREDARIOLCARVALHO CANETTIERI;;12;991567492;;;;;;CARTOES
DENTAL;08/09/2022;43459773120;LUIS CARLOS DA PALMA NETO;;62;92535903;;;;;;CARTOES
DENTAL;08/09/2022;75786257304;MARIA J M NASCIMENTO;;85;986116761;18;922360000;;;;CARTOES
DENTAL;08/09/2022;14628457387;ANTONIO G NUNES;;69;99943257;69;99817286;;;;CARTOES
DENTAL;08/09/2022;35532107882;MAICON DA SILVA ARAUJO;;11;989134580;;;;;;CARTOES
DENTAL;08/09/2022;28504672867;RICARDO SCACCHETTI;;41;987396034;41;30327876;;;;CARTOES
DENTAL;08/09/2022;24640387172;POMPILIO TIBERIO GU;;69;981707088;69;32149118;;;;CARTOES
DENTAL;08/09/2022;20829060359;MARIA DA CONCEICAO GOMES DA SILVA;;85;32925174;85;32925804;;;;CARTOES
